形态,S1 超额%,S1 t,S2 超额%,S2 t,S3 超额%,S3 t,S4 超额%,S4 t
十字星 Doji,-0.0877,-2.61,0.1219,2.37,-0.1872,-7.19,-0.0746,-2.22
锤子线 Hammer,-0.2751,-5.93,-0.8605,-10.95,-0.0868,-2.34,-0.21,-5.48
射击之星,0.1186,2.33,0.8281,10.44,-0.1791,-4.65,0.0273,0.61
看涨吞没,-0.1987,-4.97,0.125,1.97,-0.1646,-5.04,-0.1164,-3.5
看跌吞没,0.1043,2.63,-1.0165,-12.09,0.1669,4.84,-0.0385,-0.98
三连阳(第3根),-0.3049,-7.79,-0.3933,-7.81,-0.4931,-14.39,0.0462,1.36
三连阴(第3根),0.2369,5.18,1.4205,17.58,0.17,4.85,-0.1408,-3.49
MA5上穿MA20(金叉),-0.1266,-2.14,0.1581,1.79,-0.261,-5.5,0.1058,2.11
MA5下穿MA20(死叉),0.282,4.95,-2.4313,-24.65,-0.0263,-0.6,0.0025,0.05
突破20日新高,0.3397,5.68,0.2784,4.45,-0.378,-7.41,-0.1747,-3.76
跌破20日新低,0.4958,2.72,-0.54,-6.57,-0.0245,-0.68,-0.4707,-11.37
