date,open,close,high,low
2014-01-02,3.92,3.98,4.02,3.91
2014-01-03,4.00,3.89,4.00,3.79
2014-01-06,3.92,3.88,3.92,3.86
2014-01-07,3.86,3.86,3.91,3.84
2014-01-08,3.84,3.64,3.86,3.64
2014-01-09,3.64,3.69,3.69,3.56
2014-01-10,3.67,3.69,3.74,3.65
2014-01-13,3.69,3.72,3.72,3.64
2014-01-14,3.73,3.76,3.76,3.71
2014-01-15,3.76,3.79,3.84,3.75
2014-01-16,3.80,3.91,3.94,3.80
2014-01-17,3.92,4.00,4.01,3.90
2014-01-20,4.01,4.15,4.17,3.97
2014-01-21,4.13,4.29,4.30,4.12
2014-01-22,4.26,4.28,4.30,4.19
2014-01-23,4.29,4.38,4.39,4.20
2014-01-24,4.37,4.39,4.41,4.34
2014-01-27,4.38,4.49,4.50,4.35
2014-01-28,4.46,4.49,4.50,4.44
2014-01-29,4.49,4.48,4.53,4.46
2014-01-30,4.48,4.41,4.51,4.41
2014-02-07,4.40,4.45,4.46,4.36
2014-02-10,4.43,4.38,4.44,4.37
2014-02-11,4.37,4.47,4.48,4.37
2014-02-12,4.50,4.49,4.53,4.47
2014-02-13,4.47,4.52,4.53,4.47
2014-02-14,4.62,4.97,4.97,4.57
2014-02-17,4.93,4.84,5.01,4.83
2014-02-18,4.80,4.85,4.88,4.75
2014-02-19,4.79,4.83,5.05,4.76
2014-02-20,4.71,4.78,4.81,4.68
2014-02-21,4.79,4.58,4.85,4.57
2014-02-24,4.57,4.48,4.62,4.41
2014-02-25,4.47,4.57,4.57,4.45
2014-02-26,4.52,4.67,4.71,4.52
2014-02-27,4.67,4.87,4.87,4.65
2014-02-28,4.87,4.96,4.99,4.87
2014-03-03,4.94,5.00,5.01,4.94
2014-03-04,5.01,4.93,5.02,4.92
2014-03-05,4.92,4.96,5.00,4.91
2014-03-06,4.95,4.65,4.99,4.65
2014-03-07,4.66,4.77,4.81,4.62
2014-03-10,4.95,4.92,5.08,4.84
2014-03-11,4.92,4.86,4.93,4.82
2014-03-12,4.88,4.94,4.97,4.88
2014-03-13,4.89,4.88,4.91,4.81
2014-03-14,4.91,5.11,5.36,4.76
2014-03-17,5.11,4.60,5.14,4.60
2014-03-18,4.51,4.66,4.76,4.21
2014-03-19,4.92,5.00,5.13,4.69
2014-03-20,5.01,5.11,5.24,4.86
2014-03-21,5.09,4.85,5.10,4.73
2014-03-24,4.83,4.83,4.95,4.81
2014-03-25,4.75,4.87,4.87,4.74
2014-03-26,4.89,4.91,4.95,4.88
2014-03-27,4.91,5.06,5.28,4.85
2014-03-28,5.06,4.99,5.08,4.96
2014-03-31,4.88,4.77,4.90,4.69
2014-04-01,4.76,4.54,4.80,4.53
2014-04-02,4.49,4.36,4.50,4.27
2014-04-03,4.31,4.35,4.41,4.30
2014-04-04,4.35,4.73,4.78,4.23
2014-04-08,4.57,5.00,5.07,4.53
2014-04-09,5.01,5.23,5.41,5.01
2014-04-10,5.25,5.43,5.66,5.25
2014-04-11,5.37,5.38,5.63,5.04
2014-04-14,5.48,5.90,5.90,5.40
2014-04-15,5.89,5.78,5.94,5.68
2014-04-16,5.55,5.57,5.69,5.50
2014-04-17,5.61,5.85,5.93,5.61
2014-04-18,5.73,5.39,5.78,5.28
2014-04-21,5.39,5.30,5.41,5.29
2014-04-22,5.29,5.29,5.40,5.19
2014-04-23,5.31,5.31,5.31,5.25
2014-04-24,5.32,5.38,5.38,5.30
2014-04-25,5.38,5.43,5.50,5.34
2014-04-28,5.47,5.36,5.49,5.33
2014-04-29,5.38,5.12,5.38,5.12
2014-04-30,5.13,5.16,5.22,5.13
2014-05-05,5.24,5.38,5.60,5.24
2014-05-06,5.32,5.38,5.42,5.23
2014-05-07,5.39,5.39,5.44,5.30
2014-05-08,5.42,5.22,5.43,5.22
2014-05-09,5.21,5.08,5.24,5.03
2014-05-12,5.09,5.18,5.21,5.09
2014-05-13,5.17,5.20,5.21,5.14
2014-05-14,5.22,5.20,5.25,5.15
2014-05-15,5.18,5.07,5.21,5.07
2014-05-16,5.06,5.08,5.14,4.96
2014-05-19,5.07,5.03,5.11,5.01
2014-05-20,5.13,5.17,5.27,5.12
2014-05-21,5.19,5.20,5.20,5.10
2014-05-22,5.20,5.23,5.27,5.17
2014-05-23,5.24,5.26,5.36,5.21
2014-05-26,5.24,5.38,5.38,5.23
2014-05-27,5.40,5.48,5.56,5.40
2014-05-28,5.49,5.38,5.53,5.36
2014-05-29,5.36,5.19,5.36,5.17
2014-05-30,5.22,5.17,5.27,5.15
2014-06-03,5.15,5.24,5.30,5.15
2014-06-04,5.29,5.18,5.30,5.16
2014-06-05,5.24,5.17,5.26,5.07
2014-06-06,5.24,5.30,5.40,5.18
2014-06-09,5.33,5.35,5.38,5.23
2014-06-10,5.35,5.49,5.56,5.30
2014-06-11,5.50,5.59,5.76,5.50
2014-06-12,5.59,5.62,5.65,5.55
2014-06-13,5.59,5.52,5.66,5.51
2014-06-16,5.52,5.55,5.56,5.45
2014-06-17,5.56,5.65,5.72,5.56
2014-06-18,5.64,5.66,5.73,5.60
2014-06-19,5.64,5.77,5.81,5.62
2014-06-20,5.73,5.78,5.79,5.71
2014-06-23,5.75,6.00,6.06,5.74
2014-06-24,5.95,5.98,6.02,5.85
2014-06-25,5.94,5.84,5.98,5.80
2014-06-26,5.86,5.67,5.88,5.55
2014-06-27,5.63,5.81,5.85,5.60
2014-06-30,5.80,5.97,6.05,5.74
2014-07-01,5.94,5.96,6.03,5.92
2014-07-02,5.97,6.06,6.07,5.89
2014-07-03,6.09,6.07,6.12,6.05
2014-07-04,6.08,6.16,6.17,5.92
2014-07-07,6.15,6.22,6.26,6.15
2014-07-08,6.15,6.13,6.19,6.09
2014-07-09,6.13,6.13,6.18,6.10
2014-07-10,6.36,6.58,6.58,6.08
2014-07-11,6.68,7.23,7.23,6.68
2014-07-14,7.16,7.19,7.48,6.90
2014-07-15,6.97,6.48,7.03,6.48
2014-07-16,6.00,6.08,6.69,5.92
2014-07-17,6.09,6.25,6.25,6.09
2014-07-18,6.25,6.40,6.46,6.08
2014-07-21,6.39,6.31,6.43,6.27
2014-07-22,6.21,6.19,6.25,6.17
2014-07-23,6.19,6.15,6.25,6.13
2014-07-24,6.12,5.90,6.20,5.81
2014-07-25,5.93,6.13,6.18,5.93
2014-07-28,6.09,6.22,6.28,5.98
2014-07-29,6.25,6.33,6.44,6.19
2014-07-30,6.42,6.35,6.49,6.32
2014-07-31,6.31,6.20,6.33,6.16
2014-08-01,6.20,6.21,6.26,6.13
2014-08-04,6.21,6.26,6.28,6.18
2014-08-05,6.25,6.18,6.26,6.16
2014-08-06,6.17,6.19,6.22,6.17
2014-08-07,6.16,6.14,6.19,6.14
2014-08-08,6.14,6.31,6.37,6.13
2014-08-11,6.28,6.09,6.28,6.09
2014-08-12,6.10,6.08,6.15,5.94
2014-08-13,6.04,6.03,6.09,6.01
2014-08-14,6.03,6.04,6.30,5.98
2014-08-15,6.04,5.86,6.05,5.80
2014-08-18,5.95,6.08,6.09,5.92
2014-08-19,6.27,6.17,6.37,6.12
2014-08-20,6.15,6.09,6.15,5.96
2014-08-21,6.08,6.12,6.14,5.97
2014-08-22,6.09,6.51,6.57,6.09
2014-08-25,6.51,6.75,6.98,6.40
2014-08-26,6.78,6.75,6.82,6.57
2014-08-27,6.75,6.64,7.03,6.60
2014-08-28,6.65,6.89,6.92,6.62
2014-08-29,7.04,6.80,7.17,6.76
2014-09-01,6.75,6.81,6.99,6.68
2014-09-02,6.86,6.62,6.93,6.60
2014-09-03,6.64,6.71,6.71,6.59
2014-09-04,6.69,6.67,6.74,6.64
2014-09-05,6.67,6.75,6.76,6.51
2014-09-09,6.76,6.89,6.94,6.74
2014-09-10,6.90,6.80,7.07,6.77
2014-09-11,6.86,6.86,6.95,6.81
2014-09-12,6.86,7.04,7.11,6.81
2014-09-15,6.96,6.87,7.15,6.86
2014-09-16,6.84,6.68,6.90,6.60
2014-09-17,6.71,6.69,6.81,6.65
2014-09-18,6.67,6.88,6.94,6.56
2014-09-19,6.88,6.90,6.93,6.84
2014-09-22,6.90,6.91,6.92,6.81
2014-09-23,6.94,6.92,6.98,6.86
2014-09-24,6.91,6.89,6.95,6.83
2014-09-25,6.85,6.76,6.88,6.76
2014-09-26,6.76,6.70,6.78,6.63
2014-09-29,6.70,6.77,6.77,6.59
2014-09-30,6.77,6.74,6.77,6.71
2014-10-08,6.74,7.21,7.41,6.72
2014-10-09,6.98,7.13,7.20,6.89
2014-10-10,7.19,6.99,7.23,6.98
2014-10-13,6.89,6.86,6.89,6.56
2014-10-14,6.80,6.73,6.88,6.68
2014-10-15,6.74,6.83,6.83,6.66
2014-10-16,6.83,6.92,6.94,6.79
2014-10-17,6.88,6.90,6.92,6.83
2014-10-20,6.90,6.86,6.90,6.82
2014-10-21,6.86,6.87,6.89,6.83
2014-10-22,6.88,6.76,6.88,6.75
2014-10-23,6.76,6.61,6.78,6.50
2014-10-24,6.57,6.60,6.68,6.53
2014-10-27,6.57,6.46,6.58,6.41
2014-10-28,6.47,6.52,6.53,6.43
2014-10-29,6.50,6.71,6.77,6.44
2014-10-30,6.69,6.54,6.70,6.52
2014-10-31,6.50,6.55,6.87,6.41
2014-11-03,6.47,6.79,6.84,6.46
2014-11-04,6.77,6.61,6.91,6.47
2014-11-05,6.59,6.96,6.98,6.48
2014-11-06,7.06,7.22,7.58,6.98
2014-11-07,7.32,7.38,7.46,7.23
2014-11-10,7.37,7.39,7.42,7.02
2014-11-11,7.20,7.20,7.34,7.07
2014-11-12,7.24,7.06,7.29,7.06
2014-11-13,6.96,6.96,7.06,6.85
2014-11-14,6.51,6.78,6.86,6.51
2014-11-17,6.85,7.18,7.23,6.84
2014-11-18,7.12,7.37,7.49,7.09
2014-11-19,7.39,7.30,7.49,7.24
2014-11-20,7.25,7.20,7.30,7.13
2014-11-21,7.21,7.40,7.54,7.21
2014-11-24,7.47,7.37,7.57,7.34
2014-11-25,7.36,7.45,7.47,7.31
2014-11-26,7.44,7.37,7.45,7.34
2014-11-27,7.35,7.42,7.44,7.25
2014-11-28,7.39,7.30,7.40,7.22
2014-12-01,7.30,7.40,7.40,7.25
2014-12-02,7.38,7.35,7.38,7.28
2014-12-03,7.35,7.35,7.43,7.30
2014-12-04,7.37,7.25,7.41,7.20
2014-12-05,7.11,6.61,7.24,6.61
2014-12-08,6.52,6.02,6.60,6.00
2014-12-09,5.79,5.42,5.79,5.42
2014-12-10,4.87,4.87,5.01,4.87
2014-12-11,4.88,4.49,5.09,4.40
2014-12-12,4.47,4.13,4.47,4.04
2014-12-15,4.13,4.20,4.24,4.00
2014-12-16,4.19,4.43,4.46,4.17
2014-12-17,4.43,4.49,4.59,4.41
2014-12-18,4.47,4.31,4.49,4.23
2014-12-19,4.30,4.24,4.32,4.24
2014-12-22,4.24,4.30,4.33,4.24
2014-12-23,4.31,4.30,4.31,4.27
2014-12-24,4.30,4.34,4.35,4.26
2014-12-25,4.33,4.46,4.50,4.31
2014-12-26,4.42,4.42,4.48,4.37
2014-12-29,4.40,4.32,4.43,4.29
2014-12-30,4.31,4.34,4.38,4.29
2014-12-31,4.31,4.33,4.41,4.30
2015-01-05,4.34,4.60,4.67,4.32
2015-01-06,4.60,4.59,4.65,4.54
2015-01-07,4.52,4.69,4.70,4.50
2015-01-08,4.67,4.76,4.78,4.64
2015-01-09,4.74,4.72,4.76,4.69
2015-01-12,4.71,4.67,4.73,4.63
2015-01-13,4.22,4.67,4.86,4.20
2015-01-14,4.67,5.05,5.13,4.61
2015-01-15,5.07,5.17,5.46,4.98
2015-01-16,5.08,5.58,5.65,4.98
2015-01-19,5.57,5.61,5.85,5.29
2015-01-20,5.82,5.89,6.17,5.78
2015-01-21,5.79,5.97,5.99,5.76
2015-01-22,5.97,5.89,6.05,5.84
2015-01-23,5.83,6.17,6.21,5.80
2015-01-26,6.19,6.03,6.24,5.90
2015-01-27,6.11,6.07,6.14,5.99
2015-01-28,6.06,6.05,6.14,6.03
2015-01-29,6.05,6.27,6.30,6.02
2015-01-30,6.32,6.21,6.38,6.19
2015-02-02,6.21,6.22,6.25,6.11
2015-02-03,6.20,6.21,6.34,6.16
2015-02-04,6.17,6.23,6.25,6.17
2015-02-05,6.25,6.30,6.32,6.23
2015-02-06,6.31,6.06,6.33,6.02
2015-02-09,6.07,6.24,6.25,5.98
2015-02-10,6.27,6.25,6.30,6.23
2015-02-11,6.27,6.12,6.28,6.11
2015-02-12,6.08,6.10,6.17,6.08
2015-02-13,6.12,6.05,6.12,6.04
2015-02-16,6.03,6.17,6.18,6.03
2015-02-17,6.18,6.20,6.22,6.17
2015-02-25,6.19,6.22,6.23,6.18
2015-02-26,6.20,6.19,6.23,6.16
2015-02-27,6.16,6.02,6.19,5.97
2015-03-02,6.01,6.03,6.05,5.99
2015-03-03,6.01,5.98,6.03,5.93
2015-03-04,5.90,5.74,5.90,5.72
2015-03-05,5.76,5.65,5.78,5.60
2015-03-06,5.58,5.78,5.83,5.55
2015-03-09,5.77,5.76,5.85,5.76
2015-03-10,5.75,5.71,5.76,5.69
2015-03-11,5.71,5.58,5.75,5.57
2015-03-12,5.55,5.54,5.61,5.52
2015-03-13,5.52,5.65,5.66,5.52
2015-03-16,5.70,5.68,5.72,5.63
2015-03-17,5.70,5.93,6.01,5.70
2015-03-18,5.94,5.99,6.11,5.85
2015-03-19,5.99,6.00,6.04,5.90
2015-03-20,6.00,5.95,6.00,5.94
2015-03-23,5.95,5.98,5.99,5.84
2015-03-24,6.00,6.39,6.58,5.99
2015-03-25,6.31,6.38,6.46,6.28
2015-03-26,6.31,6.42,6.48,6.30
2015-03-27,6.41,6.45,6.65,6.38
2015-03-30,6.45,6.53,6.57,6.31
2015-03-31,6.53,6.58,6.59,6.46
2015-04-01,6.60,6.63,6.65,6.56
2015-04-02,6.67,6.63,6.70,6.61
2015-04-03,6.63,6.70,6.71,6.61
2015-04-07,6.71,6.73,6.82,6.69
2015-04-08,6.70,6.74,6.81,6.57
2015-04-09,6.74,6.55,6.76,6.52
2015-04-10,6.58,6.81,6.83,6.51
2015-04-13,6.86,6.50,6.92,6.42
2015-04-14,6.47,6.68,6.70,6.36
2015-04-15,6.67,6.93,7.02,6.66
2015-04-16,6.92,7.25,7.25,6.79
2015-04-17,7.39,7.58,7.98,7.39
2015-04-20,7.65,7.64,7.92,7.46
2015-04-21,7.58,7.55,7.60,7.37
2015-04-22,7.55,7.46,7.75,7.37
2015-04-23,7.56,7.55,7.69,6.86
2015-04-24,7.44,7.20,7.49,7.19
2015-04-27,7.05,7.38,7.39,6.97
2015-04-28,7.36,7.20,7.36,7.08
2015-04-29,7.24,7.33,7.54,7.11
2015-04-30,6.60,6.60,6.60,6.60
2015-05-04,5.94,5.94,6.10,5.94
2015-05-05,5.75,5.86,6.10,5.62
2015-05-06,5.82,5.45,5.94,5.27
2015-05-07,5.44,5.45,5.50,5.44
2015-05-08,5.45,5.36,5.45,5.35
2015-05-11,5.35,5.39,5.43,5.34
2015-05-12,5.40,5.33,5.41,5.33
2015-05-13,5.33,5.37,5.38,5.31
2015-05-14,5.36,5.48,5.51,5.33
2015-05-15,5.47,5.37,5.48,5.34
2015-05-18,5.37,5.39,5.41,5.32
2015-05-19,5.45,5.49,5.57,5.43
2015-05-20,5.47,5.55,5.55,5.43
2015-05-21,5.54,5.62,5.63,5.50
2015-05-22,5.71,5.74,5.88,5.67
2015-05-25,5.75,5.78,5.80,5.65
2015-05-26,5.78,5.77,5.78,5.70
2015-05-27,5.79,5.85,5.87,5.73
2015-05-28,5.84,5.52,5.92,5.44
2015-05-29,5.46,5.42,5.62,5.35
2015-06-01,5.55,5.60,5.62,5.42
2015-06-02,5.65,5.81,5.83,5.56
2015-06-03,5.78,6.07,6.14,5.76
2015-06-04,6.04,5.95,6.09,5.94
2015-06-05,5.93,5.88,5.97,5.82
2015-06-08,5.88,5.94,5.94,5.82
2015-06-09,5.94,5.79,5.95,5.78
2015-06-10,5.79,5.65,5.85,5.60
2015-06-11,5.65,5.61,5.66,5.58
2015-06-12,5.59,5.55,5.63,5.54
2015-06-15,5.56,5.53,5.57,5.51
2015-06-16,5.54,5.58,5.58,5.53
2015-06-17,5.59,5.60,5.65,5.57
2015-06-18,5.60,5.57,5.61,5.49
2015-06-19,5.66,5.71,5.77,5.62
2015-06-23,5.66,5.79,5.83,5.64
2015-06-24,5.82,6.01,6.16,5.76
2015-06-25,6.01,6.09,6.14,5.86
2015-06-26,6.13,6.05,6.14,6.01
2015-06-29,6.09,6.18,6.21,6.06
2015-06-30,6.20,6.08,6.30,6.07
2015-07-01,6.04,6.08,6.11,5.99
2015-07-02,6.08,6.01,6.08,5.97
2015-07-03,6.00,6.00,6.05,5.97
2015-07-06,6.00,5.88,6.03,5.85
2015-07-07,5.87,5.79,5.90,5.70
2015-07-08,5.80,5.88,5.88,5.76
2015-07-09,5.89,5.82,5.90,5.78
2015-07-10,5.79,5.84,5.86,5.79
2015-07-13,5.83,5.81,5.84,5.79
2015-07-14,5.80,5.57,5.80,5.52
2015-07-15,5.54,5.56,5.62,5.50
2015-07-16,5.59,5.51,5.59,5.44
2015-07-17,5.52,5.49,5.53,5.35
2015-07-20,5.46,5.39,5.55,5.37
2015-07-21,5.40,5.48,5.59,5.35
2015-07-22,5.49,5.61,5.62,5.46
2015-07-23,5.60,5.55,5.61,5.48
2015-07-24,5.50,5.48,5.61,5.45
2015-07-27,5.49,5.56,5.74,5.36
2015-07-28,5.54,5.50,5.66,5.44
2015-07-29,5.50,5.49,5.50,5.41
2015-07-30,5.50,5.37,5.50,5.35
2015-07-31,5.41,5.48,5.48,5.30
2015-08-03,5.54,5.65,5.82,5.39
2015-08-04,5.61,5.48,5.63,5.48
2015-08-05,5.51,5.55,5.71,5.46
2015-08-06,5.54,5.89,6.07,5.52
2015-08-07,5.84,5.78,5.89,5.75
2015-08-10,5.77,5.81,5.84,5.75
2015-08-11,5.78,5.74,5.79,5.71
2015-08-12,5.71,5.74,5.77,5.68
2015-08-13,5.73,5.74,5.79,5.69
2015-08-14,5.78,5.49,5.89,5.48
2015-08-17,5.47,5.32,5.47,5.22
2015-08-18,5.36,5.43,5.45,5.31
2015-08-19,5.37,5.27,5.38,5.21
2015-08-20,5.27,5.37,5.38,5.27
2015-08-21,5.35,5.27,5.36,5.25
2015-08-24,5.24,5.27,5.30,5.24
2015-08-25,5.26,5.28,5.37,5.25
2015-08-26,5.30,5.36,5.36,5.24
2015-08-27,5.37,5.33,5.40,5.29
2015-08-28,5.32,5.37,5.38,5.30
2015-08-31,5.33,5.35,5.42,5.33
2015-09-01,5.34,5.30,5.38,5.28
2015-09-02,5.28,5.30,5.35,5.28
2015-09-07,5.31,5.24,5.35,5.24
2015-09-08,5.16,5.30,5.36,5.12
2015-09-09,5.25,5.34,5.39,5.23
2015-09-10,5.35,5.37,5.38,5.25
2015-09-11,5.37,5.24,5.39,5.19
2015-09-14,5.16,5.04,5.21,5.01
2015-09-15,5.04,5.01,5.11,4.95
2015-09-16,4.98,5.03,5.05,4.98
2015-09-17,5.04,5.00,5.06,4.94
2015-09-18,5.01,5.06,5.09,4.99
2015-09-21,5.05,5.07,5.09,5.04
2015-09-22,5.07,4.92,5.07,4.90
2015-09-23,4.92,4.73,4.94,4.71
2015-09-24,4.71,4.78,4.80,4.68
2015-09-25,4.77,4.87,4.88,4.64
2015-09-28,4.86,4.86,4.88,4.83
2015-09-29,4.94,4.92,5.00,4.89
2015-09-30,4.87,4.89,4.94,4.82
2015-10-08,4.94,4.84,4.96,4.82
2015-10-09,4.86,4.76,4.86,4.76
2015-10-12,4.73,4.58,4.77,4.55
2015-10-13,4.58,4.46,4.61,4.45
2015-10-14,4.46,4.47,4.50,4.43
2015-10-15,4.49,4.51,4.57,4.37
2015-10-16,4.54,4.48,4.56,4.46
2015-10-19,4.46,4.57,4.60,4.46
2015-10-20,4.57,4.64,4.71,4.51
2015-10-21,4.63,4.59,4.72,4.57
2015-10-22,4.58,4.61,4.62,4.56
2015-10-23,4.61,4.67,4.71,4.61
2015-10-26,4.67,4.68,4.68,4.63
2015-10-27,4.66,4.69,4.71,4.66
2015-10-28,4.67,4.68,4.71,4.64
2015-10-29,4.68,4.80,4.82,4.64
2015-10-30,4.79,4.81,4.83,4.77
2015-11-02,4.81,4.82,4.87,4.78
2015-11-03,4.78,4.88,4.98,4.76
2015-11-04,4.84,4.82,4.96,4.76
2015-11-05,4.78,4.92,4.94,4.72
2015-11-06,4.79,4.91,5.10,4.78
2015-11-09,5.00,4.95,5.18,4.91
2015-11-10,4.98,5.09,5.21,4.91
2015-11-11,5.09,5.16,5.17,5.04
2015-11-12,5.24,5.13,5.24,5.10
2015-11-13,5.14,5.03,5.14,5.02
2015-11-16,5.01,5.00,5.07,4.97
2015-11-17,5.05,5.07,5.10,4.92
2015-11-18,4.93,4.84,4.99,4.76
2015-11-19,4.88,4.88,4.93,4.80
2015-11-20,5.04,5.08,5.13,5.01
2015-11-23,5.08,5.23,5.26,5.04
2015-11-24,5.44,5.75,5.75,5.30
2015-11-25,5.93,6.32,6.32,5.81
2015-11-26,6.74,6.96,6.96,6.23
2015-11-27,7.15,7.42,7.66,7.04
2015-11-30,7.02,6.95,7.20,6.74
2015-12-01,6.96,7.01,7.02,6.90
2015-12-02,6.99,6.92,6.99,6.88
2015-12-03,7.02,7.09,7.38,7.02
2015-12-04,7.07,7.16,7.22,7.04
2015-12-07,7.15,7.14,7.17,7.03
2015-12-08,7.14,7.26,7.30,7.07
2015-12-09,7.25,7.44,7.58,7.22
2015-12-10,7.41,7.45,7.47,7.32
2015-12-11,7.42,6.94,7.42,6.87
2015-12-14,6.96,6.95,6.99,6.82
2015-12-15,6.87,6.90,6.93,6.82
2015-12-16,6.87,6.84,6.92,6.80
2015-12-17,6.84,6.59,6.84,6.57
2015-12-18,6.59,6.69,6.71,6.53
2015-12-21,6.67,6.69,6.69,6.58
2015-12-22,6.78,6.75,7.04,6.73
2015-12-23,6.72,6.67,6.85,6.57
2015-12-24,6.69,6.79,6.83,6.66
2015-12-25,6.73,6.77,6.83,6.70
2015-12-28,6.77,6.84,6.89,6.77
2015-12-29,6.79,6.67,6.80,6.61
2015-12-30,6.67,6.86,7.08,6.62
2015-12-31,6.81,6.67,6.86,6.65
2016-01-04,6.65,6.79,6.81,6.60
2016-01-05,6.73,6.71,6.84,6.67
2016-01-06,6.72,6.71,6.74,6.69
2016-01-07,6.69,6.62,6.72,6.58
2016-01-08,6.63,6.53,6.63,6.50
2016-01-11,6.53,6.64,6.64,6.52
2016-01-12,6.67,6.74,6.77,6.65
2016-01-13,6.71,6.78,6.87,6.68
2016-01-14,6.77,6.87,6.89,6.72
2016-01-15,6.95,6.87,6.96,6.83
2016-01-18,6.84,6.87,6.88,6.75
2016-01-19,6.84,6.72,6.85,6.63
2016-01-20,6.72,6.93,7.00,6.66
2016-01-21,6.87,6.90,6.97,6.74
2016-01-22,6.89,6.87,6.99,6.80
2016-01-25,6.84,7.20,7.27,6.84
2016-01-26,7.20,7.19,7.22,7.07
2016-01-27,7.18,7.27,7.28,7.16
2016-01-28,7.17,7.07,7.26,7.02
2016-01-29,7.16,7.26,7.32,7.12
2016-02-01,7.29,7.22,7.32,7.21
2016-02-02,7.23,7.30,7.31,7.23
2016-02-03,7.26,7.47,7.52,7.18
2016-02-04,7.47,7.49,7.59,7.32
2016-02-05,7.43,7.53,7.60,7.41
2016-02-15,7.50,7.62,7.62,7.45
2016-02-16,7.58,7.46,7.60,7.40
2016-02-17,7.46,7.39,7.48,7.36
2016-02-18,7.39,7.32,7.43,7.30
2016-02-19,7.32,7.21,7.34,7.15
2016-02-22,7.17,7.23,7.27,7.16
2016-02-23,7.24,7.20,7.24,7.19
2016-02-24,7.29,7.13,7.30,7.11
2016-02-25,7.13,6.95,7.13,6.89
2016-02-26,6.95,7.64,7.64,6.82
2016-02-29,7.91,8.07,8.20,7.89
2016-03-01,7.74,7.89,7.97,7.74
2016-03-02,7.85,7.89,8.00,7.80
2016-03-03,7.93,7.89,7.96,7.80
2016-03-04,7.89,8.07,8.12,7.86
2016-03-07,8.06,7.89,8.07,7.82
2016-03-08,7.89,7.79,7.92,7.68
2016-03-09,7.80,7.92,8.10,7.60
2016-03-10,7.77,7.14,7.77,7.14
2016-03-11,7.05,6.68,7.16,6.42
2016-03-14,6.53,6.11,6.76,6.07
2016-03-15,6.17,6.38,6.47,6.00
2016-03-16,6.50,7.01,7.01,6.45
2016-03-17,7.00,6.95,7.00,6.79
2016-03-18,6.96,6.26,7.00,6.26
2016-03-21,6.14,6.46,6.49,6.10
2016-03-22,6.50,6.72,6.81,6.45
2016-03-23,6.67,6.77,6.78,6.66
2016-03-24,6.77,6.46,6.77,6.36
2016-03-25,6.46,6.47,6.58,6.39
2016-03-28,6.47,6.20,6.47,6.18
2016-03-29,6.22,6.29,6.33,6.16
2016-03-30,6.29,6.38,6.38,6.27
2016-03-31,6.37,6.27,6.41,6.26
2016-04-01,6.25,6.29,6.34,6.22
2016-04-05,6.30,6.24,6.31,6.22
2016-04-06,6.22,6.26,6.30,6.22
2016-04-07,6.37,6.65,6.80,6.09
2016-04-08,6.45,6.47,6.57,6.14
2016-04-11,6.50,6.72,7.12,6.45
2016-04-12,6.70,6.82,6.91,6.53
2016-04-13,6.81,6.91,6.97,6.65
2016-04-14,6.87,6.77,7.05,6.60
2016-04-15,6.82,6.61,7.02,6.55
2016-04-18,6.51,6.15,6.52,5.95
2016-04-19,6.13,6.22,6.28,6.05
2016-04-20,6.22,6.20,6.23,6.08
2016-04-21,6.16,5.96,6.21,5.88
2016-04-22,6.10,6.26,6.55,6.05
2016-04-25,6.08,6.27,6.55,6.01
2016-04-26,6.32,6.38,6.72,6.31
2016-04-27,6.34,5.96,6.34,5.94
2016-04-28,5.97,6.01,6.07,5.96
2016-04-29,6.00,6.05,6.08,5.95
2016-05-03,6.05,6.02,6.10,5.98
2016-05-04,6.03,5.95,6.08,5.85
2016-05-05,5.94,5.97,5.98,5.87
2016-05-06,5.95,5.99,6.02,5.94
2016-05-09,6.01,5.91,6.07,5.89
2016-05-10,5.92,5.86,5.95,5.81
2016-05-11,5.84,5.86,5.89,5.74
2016-05-12,5.84,5.95,5.97,5.83
2016-05-13,5.94,5.95,6.00,5.85
2016-05-16,5.93,6.02,6.07,5.91
2016-05-17,6.03,5.88,6.05,5.88
2016-05-18,5.86,5.93,5.95,5.86
2016-05-19,5.94,5.97,5.98,5.90
2016-05-20,5.97,6.14,6.16,5.92
2016-05-23,6.18,6.13,6.18,6.07
2016-05-24,6.12,6.18,6.19,6.06
2016-05-25,6.18,6.16,6.23,6.13
2016-05-26,6.14,6.00,6.16,5.93
2016-05-27,5.98,6.12,6.17,5.93
2016-05-30,6.12,6.10,6.18,6.08
2016-05-31,6.10,6.05,6.12,6.01
2016-06-01,6.02,6.00,6.08,5.96
2016-06-02,6.02,6.09,6.12,6.00
2016-06-03,6.08,5.88,6.11,5.85
2016-06-06,5.85,5.97,6.02,5.74
2016-06-07,5.96,5.97,6.06,5.67
2016-06-08,6.01,5.89,6.02,5.85
2016-06-13,5.89,5.88,5.93,5.84
2016-06-14,5.83,5.86,5.93,5.81
2016-06-15,5.86,6.28,6.45,5.84
2016-06-16,6.35,6.15,6.35,6.05
2016-06-17,6.15,6.09,6.15,6.02
2016-06-20,6.09,6.02,6.13,5.98
2016-06-21,6.00,5.99,6.03,5.96
2016-06-22,5.99,5.86,6.00,5.86
2016-06-23,5.86,5.93,5.94,5.82
2016-06-24,5.91,5.98,6.10,5.88
2016-06-27,5.99,6.00,6.03,5.96
2016-06-28,5.98,5.90,6.05,5.86
2016-06-29,5.94,5.96,6.00,5.81
2016-06-30,5.99,6.02,6.07,5.93
2016-07-01,5.95,5.93,6.06,5.93
2016-07-04,5.96,6.19,6.19,5.96
2016-07-05,6.17,6.23,6.32,6.17
2016-07-06,6.27,6.22,6.27,6.12
2016-07-07,6.27,6.45,6.52,6.24
2016-07-08,6.36,6.51,6.57,6.34
2016-07-11,6.46,6.42,6.51,6.34
2016-07-12,6.22,5.96,6.41,5.84
2016-07-13,5.84,5.86,6.01,5.80
2016-07-14,5.87,5.89,5.99,5.72
2016-07-15,5.85,6.14,6.28,5.85
2016-07-18,6.19,6.18,6.27,6.09
2016-07-19,6.30,6.28,6.34,6.19
2016-07-20,6.29,6.27,6.39,6.15
2016-07-21,6.23,6.50,6.55,6.23
2016-07-22,6.47,5.85,6.47,5.85
2016-07-25,5.87,5.77,5.95,5.58
2016-07-26,5.73,5.75,5.79,5.71
2016-07-27,5.77,5.88,5.89,5.77
2016-07-28,5.89,6.02,6.08,5.85
2016-07-29,5.97,5.85,6.01,5.85
2016-08-01,5.81,5.80,5.83,5.68
2016-08-02,5.80,5.77,5.87,5.74
2016-08-03,5.78,5.78,5.82,5.68
2016-08-04,5.78,5.84,5.94,5.76
2016-08-05,5.85,5.85,5.86,5.79
2016-08-08,5.85,5.96,5.96,5.84
2016-08-09,6.03,6.20,6.25,6.00
2016-08-10,6.24,6.68,6.81,6.24
2016-08-11,6.25,6.55,6.86,6.19
2016-08-12,6.55,6.62,6.69,6.46
2016-08-15,6.58,6.30,6.61,6.19
2016-08-16,6.24,6.22,6.39,6.22
2016-08-17,6.19,6.23,6.28,6.06
2016-08-18,6.24,6.04,6.27,6.02
2016-08-19,6.04,5.93,6.04,5.75
2016-08-22,5.93,5.92,5.98,5.86
2016-08-23,5.91,6.10,6.49,5.81
2016-08-24,5.90,5.88,6.03,5.84
2016-08-25,5.87,6.06,6.06,5.82
2016-08-26,6.02,6.13,6.19,6.00
2016-08-29,6.10,6.20,6.30,6.06
2016-08-30,6.20,6.18,6.26,6.12
2016-08-31,6.17,6.22,6.34,6.14
2016-09-01,6.17,6.04,6.21,5.98
2016-09-02,6.01,5.98,6.03,5.56
2016-09-05,5.91,5.96,5.99,5.82
2016-09-06,6.10,6.06,6.39,5.96
2016-09-07,6.04,6.47,6.50,5.96
2016-09-08,6.49,6.81,6.92,6.48
2016-09-09,6.68,6.60,6.89,6.56
2016-09-12,6.54,6.65,6.77,6.45
2016-09-13,6.66,7.06,7.17,6.65
2016-09-14,7.12,7.16,7.49,7.07
2016-09-19,7.17,7.79,7.86,7.17
2016-09-20,7.77,7.01,8.12,7.01
2016-09-21,6.46,7.16,7.27,6.33
2016-09-22,7.13,7.20,7.21,7.07
2016-09-23,7.21,7.16,7.28,7.13
2016-09-26,7.19,7.31,7.37,7.15
2016-09-27,7.31,7.40,7.41,7.30
2016-09-28,7.39,7.68,7.69,7.34
2016-09-29,7.57,7.44,7.73,7.21
2016-09-30,7.45,7.30,7.52,6.72
2016-10-10,7.31,7.34,7.55,7.17
2016-10-11,7.34,7.11,7.42,7.06
2016-10-12,7.12,7.35,7.40,7.11
2016-10-13,7.70,8.09,8.09,7.70
2016-10-14,7.70,7.28,7.83,7.28
2016-10-17,7.43,6.55,7.45,6.55
2016-10-18,6.08,6.59,6.77,5.90
2016-10-19,6.41,5.93,6.78,5.93
2016-10-20,5.96,5.34,6.02,5.34
2016-10-21,5.15,4.81,5.26,4.81
2016-10-24,4.85,5.28,5.29,4.76
2016-10-25,5.14,5.07,5.41,5.03
2016-10-26,5.08,5.23,5.23,5.03
2016-10-27,5.22,5.29,5.33,5.20
2016-10-28,5.24,5.12,5.28,5.12
2016-10-31,5.12,5.16,5.20,5.11
2016-11-01,5.16,5.18,5.19,5.14
2016-11-02,5.30,5.32,5.46,5.24
2016-11-03,5.33,5.37,5.56,5.32
2016-11-04,5.38,5.26,5.41,5.14
2016-11-07,5.23,5.28,5.34,5.18
2016-11-08,5.29,5.33,5.37,5.20
2016-11-09,5.26,4.82,5.28,4.80
2016-11-10,4.87,4.86,4.95,4.84
2016-11-11,4.86,4.78,4.87,4.77
2016-11-14,4.77,4.79,4.80,4.77
2016-11-15,4.78,4.75,4.79,4.73
2016-11-16,4.75,4.81,4.82,4.73
2016-11-17,4.72,4.96,5.02,4.68
2016-11-18,4.95,4.94,4.99,4.90
2016-11-21,4.93,4.96,5.10,4.93
2016-11-22,5.01,5.12,5.16,4.96
2016-11-23,5.12,5.13,5.23,5.03
2016-11-24,5.13,5.21,5.25,5.10
2016-11-25,5.19,5.24,5.27,5.13
2016-11-28,5.28,5.18,5.29,5.13
2016-11-29,5.16,5.07,5.20,5.02
2016-11-30,5.06,5.12,5.14,5.04
2016-12-01,5.09,5.13,5.21,5.09
2016-12-02,5.12,5.15,5.17,5.11
2016-12-05,5.13,5.11,5.13,5.05
2016-12-06,5.10,5.14,5.16,5.09
2016-12-07,5.15,5.16,5.18,5.14
2016-12-08,5.16,5.07,5.16,5.04
2016-12-09,5.06,5.05,5.07,5.00
2016-12-12,5.06,5.13,5.15,5.05
2016-12-13,5.15,5.23,5.42,5.15
2016-12-14,5.23,5.27,5.28,5.14
2016-12-15,4.96,4.74,5.26,4.74
2016-12-16,4.27,4.27,4.73,4.27
2016-12-19,4.70,3.84,4.70,3.84
2016-12-20,3.46,3.46,3.51,3.46
2016-12-21,3.81,3.81,3.81,3.81
2016-12-22,3.84,3.95,3.99,3.84
2016-12-23,3.97,3.97,4.03,3.93
2016-12-26,3.96,3.91,3.99,3.86
2016-12-27,3.94,4.01,4.02,3.91
2016-12-28,4.02,4.16,4.17,3.96
2016-12-29,4.16,4.08,4.16,4.07
2016-12-30,4.03,3.95,4.06,3.90
2017-01-03,3.94,4.00,4.01,3.93
2017-01-04,3.98,4.07,4.08,3.97
2017-01-05,4.06,4.09,4.10,4.03
2017-01-06,4.09,4.20,4.35,4.03
2017-01-09,4.21,4.17,4.35,4.04
2017-01-10,4.17,4.34,4.47,4.17
2017-01-11,4.31,4.49,4.61,4.23
2017-01-12,4.49,4.56,4.58,4.39
2017-01-13,4.53,4.69,4.74,4.51
2017-01-16,4.63,4.63,4.71,4.60
2017-01-17,4.72,4.73,4.91,4.70
2017-01-18,4.76,4.96,5.04,4.75
2017-01-19,4.92,4.94,4.98,4.84
2017-01-20,4.93,4.83,4.93,4.80
2017-01-23,4.85,4.85,4.88,4.81
2017-01-24,4.86,4.85,4.88,4.83
2017-01-25,4.85,4.87,4.88,4.80
2017-01-26,4.89,4.95,4.97,4.87
2017-02-03,4.92,4.92,4.95,4.90
2017-02-06,4.90,4.92,4.93,4.88
2017-02-07,4.92,4.89,4.93,4.87
2017-02-08,4.89,4.88,4.93,4.87
2017-02-09,4.89,4.85,4.90,4.82
2017-02-10,4.81,4.76,4.83,4.72
2017-02-13,4.79,4.83,4.90,4.79
2017-02-14,4.84,4.82,4.84,4.65
2017-02-15,4.77,5.05,5.16,4.77
2017-02-16,5.01,4.99,5.03,4.93
2017-02-17,4.94,4.93,4.99,4.87
2017-02-20,4.88,4.91,5.01,4.85
2017-02-21,4.92,4.92,4.98,4.89
2017-02-22,4.93,4.90,4.93,4.87
2017-02-23,4.90,4.81,4.91,4.79
2017-02-24,4.82,4.98,4.98,4.82
2017-02-27,5.20,5.03,5.24,5.00
2017-02-28,4.96,4.96,5.06,4.92
2017-03-01,4.95,4.94,5.01,4.93
2017-03-02,4.94,4.84,4.94,4.83
2017-03-03,4.86,5.15,5.25,4.84
2017-03-06,5.08,5.40,5.41,4.99
2017-03-07,5.38,5.24,5.49,5.22
2017-03-08,5.17,5.40,5.41,5.15
2017-03-09,5.45,5.51,5.59,5.35
2017-03-10,5.48,5.41,5.50,5.35
2017-03-13,5.38,5.37,5.43,5.34
2017-03-14,5.41,5.38,5.48,5.33
2017-03-15,5.37,5.48,5.51,5.37
2017-03-16,5.47,5.50,5.60,5.40
2017-03-17,5.55,5.50,5.68,5.34
2017-03-20,5.45,5.54,5.68,5.41
2017-03-21,5.59,5.76,5.87,5.50
2017-03-22,5.69,5.65,5.72,5.54
2017-03-23,5.56,5.85,5.85,5.51
2017-03-24,5.84,5.83,5.92,5.81
2017-03-27,5.80,5.89,5.94,5.80
2017-03-28,5.89,5.84,5.91,5.82
2017-03-29,5.78,5.58,5.78,5.48
2017-03-30,5.58,5.44,5.61,5.42
2017-03-31,5.41,5.41,5.49,5.38
2017-04-05,5.44,5.41,5.49,5.38
2017-04-06,5.41,5.37,5.44,5.35
2017-04-07,5.38,5.34,5.38,5.32
2017-04-10,5.34,5.35,5.43,5.32
2017-04-11,5.32,5.36,5.37,5.25
2017-04-12,5.35,5.41,5.46,5.30
2017-04-13,5.41,5.43,5.45,5.38
2017-04-14,5.41,5.42,5.44,5.38
2017-04-17,5.43,5.40,5.52,5.37
2017-04-18,5.43,5.46,5.47,5.40
2017-04-19,5.50,5.65,5.81,5.50
2017-04-20,5.61,6.21,6.21,5.59
2017-04-21,6.30,6.22,6.46,6.06
2017-04-24,6.10,6.16,6.19,6.00
2017-04-25,6.13,5.96,6.16,5.95
2017-04-26,5.96,6.04,6.11,5.95
2017-04-27,6.04,6.21,6.22,6.01
2017-04-28,6.21,6.26,6.33,6.17
2017-05-02,6.26,6.25,6.30,6.20
2017-05-03,6.25,6.40,6.43,6.22
2017-05-04,6.35,6.64,6.65,6.34
2017-05-05,6.65,6.58,6.88,6.54
2017-05-08,6.49,6.45,6.53,6.34
2017-05-09,6.53,6.73,6.84,6.48
2017-05-10,6.73,6.85,6.85,6.73
2017-05-11,6.85,6.82,6.89,6.73
2017-05-12,6.78,6.82,6.83,6.71
2017-05-15,6.86,6.84,6.96,6.82
2017-05-16,6.87,6.87,6.96,6.80
2017-05-17,6.87,6.88,6.92,6.84
2017-05-18,6.87,6.96,6.97,6.86
2017-05-19,6.95,6.95,6.97,6.80
2017-05-22,6.89,6.97,7.03,6.84
2017-05-23,6.98,6.98,7.07,6.92
2017-05-24,6.98,6.90,6.98,6.84
2017-05-25,6.88,6.95,6.97,6.85
2017-05-26,6.95,6.84,6.97,6.81
2017-05-31,6.82,6.81,6.86,6.70
2017-06-01,6.81,6.75,6.86,6.73
2017-06-02,6.76,6.77,6.79,6.65
2017-06-05,6.77,6.82,6.85,6.73
2017-06-06,6.77,6.90,6.96,6.77
2017-06-07,6.93,7.04,7.11,6.91
2017-06-08,7.02,6.99,7.08,6.93
2017-06-09,6.98,6.99,7.02,6.96
2017-06-12,7.02,7.08,7.13,7.00
2017-06-13,7.12,7.14,7.16,7.08
2017-06-14,7.19,7.15,7.23,7.11
2017-06-15,7.15,7.23,7.23,7.10
2017-06-16,7.21,7.33,7.35,7.21
2017-06-19,7.30,7.26,7.38,7.26
2017-06-20,7.29,7.26,7.29,7.19
2017-06-21,7.24,7.16,7.26,6.99
2017-06-22,7.09,7.04,7.09,6.97
2017-06-23,7.01,6.93,7.43,6.76
2017-06-26,6.87,7.05,7.42,6.87
2017-06-27,7.12,6.79,7.40,6.43
2017-06-28,6.63,7.29,7.31,6.56
2017-06-29,7.18,7.02,7.28,6.86
2017-06-30,7.02,7.06,7.07,6.99
2017-07-03,7.10,7.05,7.12,7.05
2017-07-04,7.05,7.18,7.19,7.01
2017-07-05,7.19,7.06,7.20,7.03
2017-07-06,7.04,7.06,7.09,7.02
2017-07-07,7.10,7.02,7.16,7.00
2017-07-10,7.02,6.79,7.02,6.77
2017-07-11,6.77,6.93,6.95,6.75
2017-07-12,6.88,6.98,7.02,6.87
2017-07-13,6.94,6.80,6.98,6.80
2017-07-14,6.79,6.79,6.89,6.61
2017-07-17,6.83,6.86,6.90,6.62
2017-07-18,6.95,6.75,7.06,6.75
2017-07-19,6.68,6.69,6.73,6.62
2017-07-20,6.69,6.70,6.78,6.64
2017-07-21,6.67,6.95,7.00,6.67
2017-07-24,6.91,7.00,7.15,6.83
2017-07-25,7.01,7.02,7.14,6.86
2017-07-26,7.03,7.14,7.25,6.92
2017-07-27,7.15,7.27,7.31,7.02
2017-07-28,7.27,6.70,7.27,6.69
2017-07-31,6.64,6.55,6.68,6.31
2017-08-01,6.53,6.66,6.69,6.35
2017-08-02,6.53,6.32,6.64,6.26
2017-08-03,6.40,6.47,6.56,6.29
2017-08-04,6.45,6.54,6.68,6.37
2017-08-07,6.47,6.07,6.47,5.96
2017-08-08,6.04,6.36,6.38,6.01
2017-08-09,6.36,6.32,6.46,6.24
2017-08-10,6.29,6.18,6.31,6.10
2017-08-11,6.15,6.22,6.22,6.13
2017-08-14,6.18,6.04,6.18,6.00
2017-08-15,6.04,5.99,6.07,5.96
2017-08-16,6.00,6.05,6.10,5.97
2017-08-17,6.04,5.90,6.04,5.89
2017-08-18,5.89,5.91,5.97,5.85
2017-08-21,5.93,5.88,5.94,5.87
2017-08-22,5.85,5.88,5.89,5.77
2017-08-23,5.83,5.86,5.86,5.77
2017-08-24,5.87,5.92,5.92,5.85
2017-08-25,5.87,5.94,5.96,5.86
2017-08-28,5.93,5.94,5.96,5.89
2017-08-29,5.96,6.02,6.04,5.92
2017-08-30,6.04,6.04,6.05,5.99
2017-08-31,6.04,6.02,6.10,5.98
2017-09-01,5.99,5.90,6.02,5.87
2017-09-04,5.86,5.58,5.88,5.56
2017-09-05,5.58,5.62,5.69,5.58
2017-09-06,5.68,5.73,5.76,5.61
2017-09-07,5.70,5.83,5.85,5.68
2017-09-08,5.83,5.86,5.92,5.80
2017-09-11,5.84,5.89,5.95,5.82
2017-09-12,5.85,5.92,5.92,5.80
2017-09-13,5.89,5.86,5.91,5.81
2017-09-14,5.85,5.91,5.92,5.80
2017-09-15,5.90,6.00,6.05,5.86
2017-09-18,5.99,6.11,6.15,5.95
2017-09-19,6.09,6.23,6.29,6.09
2017-09-20,6.25,6.26,6.30,6.22
2017-09-21,6.21,6.26,6.37,6.16
2017-09-22,6.26,6.29,6.33,6.23
2017-09-25,6.31,6.28,6.35,6.24
2017-09-26,6.32,6.18,6.35,6.18
2017-09-27,6.17,6.16,6.25,6.14
2017-09-28,6.21,5.78,6.23,5.73
2017-09-29,5.69,5.58,5.77,5.48
2017-10-09,5.67,5.86,5.88,5.58
2017-10-10,5.85,5.77,5.91,5.66
2017-10-11,5.77,5.92,6.00,5.75
2017-10-12,5.91,5.90,5.95,5.86
2017-10-13,5.89,5.78,5.90,5.76
2017-10-16,5.80,5.84,5.84,5.76
2017-10-17,5.84,5.87,5.88,5.82
2017-10-18,5.86,5.77,5.89,5.74
2017-10-19,5.71,5.56,5.72,5.55
2017-10-20,5.63,5.58,5.65,5.34
2017-10-23,5.55,5.67,5.67,5.53
2017-10-24,5.83,5.85,6.16,5.74
2017-10-25,5.84,5.99,6.13,5.66
2017-10-26,5.96,5.95,6.03,5.94
2017-10-27,5.97,5.96,6.03,5.91
2017-10-30,5.96,5.94,5.98,5.90
2017-10-31,5.92,5.78,5.94,5.77
2017-11-01,5.78,5.74,5.81,5.73
2017-11-02,5.74,5.51,5.76,5.47
2017-11-03,5.51,5.34,5.53,5.29
2017-11-06,5.31,5.39,5.42,5.27
2017-11-07,5.42,5.47,5.47,5.42
2017-11-08,5.46,5.72,5.95,5.44
2017-11-09,5.52,5.59,5.72,5.46
2017-11-10,5.64,5.84,5.86,5.63
2017-11-13,5.95,6.24,6.37,5.84
2017-11-14,6.20,6.26,6.47,6.08
2017-11-15,6.10,5.98,6.25,5.95
2017-11-16,5.98,5.94,5.98,5.93
2017-11-17,5.94,5.81,5.97,5.80
2017-11-20,5.77,5.66,5.78,5.64
2017-11-21,5.67,5.78,5.83,5.66
2017-11-22,5.78,5.82,5.87,5.72
2017-11-23,5.85,5.66,5.99,5.34
2017-11-24,5.57,5.73,5.96,5.44
2017-11-27,5.64,5.16,5.64,5.16
2017-11-28,5.05,4.79,5.26,4.64
2017-11-29,4.83,4.91,5.04,4.73
2017-11-30,4.89,4.72,4.90,4.70
2017-12-01,4.70,4.68,4.70,4.62
2017-12-04,4.68,4.70,4.78,4.66
2017-12-05,4.71,4.61,4.71,4.59
2017-12-06,4.56,4.56,4.61,4.52
2017-12-07,4.58,4.65,4.66,4.57
2017-12-08,4.71,5.12,5.12,4.71
2017-12-11,5.21,5.64,5.64,5.14
2017-12-12,5.80,5.82,5.98,5.52
2017-12-13,5.80,6.01,6.31,5.75
2017-12-14,5.89,6.15,6.15,5.83
2017-12-15,6.19,6.38,6.62,6.16
2017-12-18,6.36,6.42,6.60,6.20
2017-12-19,6.49,6.56,6.60,6.34
2017-12-20,6.67,6.63,6.99,6.57
2017-12-21,6.59,7.14,7.26,6.52
2017-12-22,7.17,6.80,7.35,6.60
2017-12-25,6.55,6.12,6.83,6.12
2017-12-26,5.52,5.57,6.10,5.51
2017-12-27,5.80,6.03,6.06,5.33
2017-12-28,6.06,6.18,6.32,6.04
2017-12-29,6.22,6.09,6.24,5.99
2018-01-02,6.06,5.72,6.18,5.64
2018-01-03,5.72,5.85,5.89,5.72
2018-01-04,5.85,5.79,5.89,5.74
2018-01-05,5.82,5.79,5.89,5.40
2018-01-08,5.80,5.80,5.93,5.73
2018-01-09,5.77,5.84,5.87,5.61
2018-01-10,5.84,6.03,6.04,5.80
2018-01-11,5.98,5.99,6.04,5.87
2018-01-12,5.99,5.86,6.00,5.72
2018-01-15,5.80,5.82,5.91,5.74
2018-01-16,5.82,5.64,5.95,5.51
2018-01-17,5.63,5.65,5.73,5.56
2018-01-18,5.60,5.79,5.79,5.51
2018-01-19,5.79,5.77,5.80,5.74
2018-01-22,5.78,5.77,5.83,5.74
2018-01-23,5.75,5.80,5.81,5.65
2018-01-24,5.82,5.82,5.85,5.78
2018-01-25,5.82,5.88,5.90,5.78
2018-01-26,5.76,5.64,5.82,5.54
2018-01-29,5.64,5.84,5.84,5.63
2018-01-30,5.81,6.00,6.03,5.79
2018-01-31,6.20,6.15,6.28,6.08
2018-02-01,6.09,6.03,6.12,6.02
