idx,source_code
0,000001
1,000002
2,000006
3,000007
4,000009
5,000010
6,000011
7,000012
8,000014
9,000016
10,000017
11,000019
12,000020
13,000021
14,000025
15,000026
16,000027
17,000028
18,000029
19,000030
20,000031
21,000032
22,000034
23,000035
24,000036
25,000037
26,000039
27,000050
28,000055
29,000056
30,000058
31,000059
32,000061
33,000062
34,000063
35,000065
36,000066
37,000068
38,000069
39,000070
40,000078
41,000090
42,000096
43,000099
44,000100
45,000151
46,000156
47,000157
48,000158
49,000159
50,000301
51,000333
52,000338
53,000501
54,000503
55,000504
56,000506
57,000507
58,000510
59,000513
60,000514
61,000516
62,000517
63,000518
64,000519
65,000521
66,000523
67,000524
68,000525
69,000526
70,000528
71,000529
72,000530
73,000531
74,000532
75,000533
76,000534
77,000536
78,000537
79,000538
80,000539
81,000541
82,000543
83,000544
84,000545
85,000546
86,000547
87,000548
88,000550
89,000551
90,000552
91,000553
92,000554
93,000555
94,000558
95,000559
96,000560
97,000561
98,000563
99,000564
100,000565
101,000566
102,000567
103,000568
104,000570
105,000571
106,000572
107,000573
108,000576
109,000581
110,000582
111,000586
112,000589
113,000590
114,000591
115,000592
116,000593
117,000595
118,000596
119,000597
120,000598
121,000599
122,000601
123,000603
124,000605
125,000608
126,000609
127,000610
128,000612
129,000615
130,000617
131,000619
132,000620
133,000623
134,000626
135,000627
136,000628
137,000630
138,000631
139,000632
140,000633
141,000635
142,000636
143,000637
144,000638
145,000639
146,000650
147,000651
148,000652
149,000655
150,000656
151,000657
152,000659
153,000661
154,000663
155,000665
156,000669
157,000672
158,000676
159,000677
160,000678
161,000679
162,000680
163,000681
164,000682
165,000683
166,000685
167,000686
168,000688
169,000690
170,000691
171,000692
172,000695
173,000697
174,000698
175,000700
176,000701
177,000702
178,000703
179,000705
180,000707
181,000708
182,000709
183,000711
184,000712
185,000713
186,000715
187,000716
188,000717
189,000718
190,000719
191,000720
192,000721
193,000722
194,000723
195,000725
196,000726
197,000728
198,000729
199,000731
200,000733
201,000736
202,000737
203,000738
204,000739
205,000750
206,000752
207,000753
208,000755
209,000756
210,000757
211,000758
212,000759
213,000761
214,000762
215,000766
216,000767
217,000768
218,000776
219,000777
220,000778
221,000779
222,000782
223,000783
224,000785
225,000786
226,000788
227,000789
228,000790
229,000791
230,000792
231,000793
232,000795
233,000797
234,000798
235,000799
236,000900
237,000901
238,000902
239,000905
240,000906
241,000908
242,000909
243,000910
244,000911
245,000912
246,000913
247,000915
248,000917
249,000919
250,000920
251,000921
252,000922
253,000923
254,000925
255,000926
256,000927
257,000928
258,000929
259,000930
260,000931
261,000932
262,000933
263,000935
264,000936
265,000937
266,000938
267,000948
268,000949
269,000950
270,000951
271,000952
272,000953
273,000955
274,000957
275,000958
276,000959
277,000960
278,000962
279,000963
280,000965
281,000966
282,000967
283,000968
284,000969
285,000970
286,000972
287,000973
288,000975
289,000977
290,000978
291,000980
292,000981
293,000983
294,000985
295,000987
296,000988
297,000989
298,000990
299,000993
300,000997
301,000998
302,000999
303,001872
304,001896
305,001914
306,002001
307,002003
308,002004
309,002005
310,002006
311,002007
312,002008
313,002009
314,002010
315,002011
316,002012
317,002014
318,002015
319,002016
320,002017
321,002019
322,002020
323,002023
324,002024
325,002025
326,002026
327,002027
328,002028
329,002029
330,002030
331,002031
332,002032
333,002033
334,002034
335,002035
336,002036
337,002037
338,002038
339,002039
340,002040
341,002041
342,002042
343,002043
344,002044
345,002045
346,002046
347,002047
348,002048
349,002049
350,002050
351,002051
352,002052
353,002053
354,002054
355,002055
356,002056
357,002057
358,002058
359,002059
360,002061
361,002062
362,002063
363,002064
364,002065
365,002066
366,002067
367,002068
368,002069
369,002072
370,002073
371,002074
372,002075
373,002076
374,002077
375,002078
376,002079
377,002080
378,002081
379,002082
380,002083
381,002084
382,002085
383,002086
384,002088
385,002090
386,002091
387,002092
388,002093
389,002094
390,002095
391,002096
392,002097
393,002098
394,002100
395,002101
396,002102
397,002103
398,002104
399,002105
400,002106
401,002107
402,002108
403,002109
404,002110
405,002111
406,002112
407,002114
408,002115
409,002116
410,002117
411,002119
412,002120
413,002121
414,002122
415,002123
416,002124
417,002126
418,002128
419,002129
420,002130
421,002131
422,002132
423,002133
424,002134
425,002135
426,002136
427,002137
428,002138
429,002139
430,002140
431,002141
432,002142
433,002144
434,002145
435,002146
436,002148
437,002149
438,002150
439,002151
440,002152
441,002153
442,002154
443,002155
444,002156
445,002157
446,002158
447,002159
448,002161
449,002162
450,002163
451,002164
452,002165
453,002168
454,002169
455,002170
456,002171
457,002172
458,002173
459,002174
460,002175
461,002176
462,002177
463,002178
464,002179
465,002181
466,002182
467,002183
468,002184
469,002185
470,002186
471,002187
472,002188
473,002189
474,002191
475,002192
476,002194
477,002197
478,002198
479,002199
480,002200
481,002201
482,002202
483,002203
484,002204
485,002205
486,002206
487,002207
488,002208
489,002209
490,002210
491,002211
492,002212
493,002213
494,002214
495,002215
496,002216
497,002217
498,002218
499,002219
500,002221
501,002222
502,002223
503,002224
504,002225
505,002226
506,002227
507,002228
508,002229
509,002230
510,002231
511,002232
512,002233
513,002234
514,002235
515,002236
516,002237
517,002238
518,002239
519,002240
520,002241
521,002242
522,002243
523,002244
524,002245
525,002246
526,002247
527,002248
528,002249
529,002250
530,002251
531,002252
532,002253
533,002254
534,002255
535,002256
536,002258
537,002259
538,002261
539,002262
540,002263
541,002264
542,002265
543,002267
544,002268
545,002269
546,002270
547,002271
548,002272
549,002273
550,002274
551,002275
552,002276
553,002277
554,002278
555,002281
556,002282
557,002283
558,002284
559,002285
560,002286
561,002287
562,002289
563,002291
564,002292
565,002293
566,002294
567,002296
568,002297
569,002298
570,002299
571,002300
572,002301
573,002302
574,002303
575,002304
576,002305
577,002306
578,002307
579,002309
580,002310
581,002311
582,002312
583,002313
584,002314
585,002315
586,002316
587,002317
588,002318
589,002319
590,002320
591,002321
592,002322
593,002323
594,002324
595,002326
596,002327
597,002328
598,002329
599,002330
600,002331
601,002332
602,002333
603,002334
604,002335
605,002337
606,002338
607,002339
608,002340
609,002342
610,002343
611,002344
612,002345
613,002347
614,002348
615,002349
616,002350
617,002351
618,002352
619,002353
620,002355
621,002357
622,002358
623,002360
624,002361
625,002362
626,002363
627,002364
628,002365
629,002366
630,002367
631,002368
632,002369
633,002370
634,002371
635,002372
636,002373
637,002374
638,002375
639,002376
640,002377
641,002378
642,002379
643,002380
644,002381
645,002382
646,002383
647,002384
648,002385
649,002386
650,002387
651,002388
652,002390
653,002391
654,002392
655,002393
656,002394
657,002395
658,002396
659,002397
660,002398
661,002399
662,002400
663,002401
664,002402
665,002403
666,002404
667,002405
668,002406
669,002407
670,002408
671,002409
672,002410
673,002412
674,002413
675,002414
676,002415
677,002416
678,002418
679,002419
680,002420
681,002421
682,002422
683,002423
684,002424
685,002425
686,002426
687,002427
688,002428
689,002429
690,002430
691,002431
692,002432
693,002434
694,002436
695,002437
696,002438
697,002439
698,002440
699,002441
700,002442
701,002443
702,002444
703,002448
704,002449
705,002451
706,002452
707,002453
708,002454
709,002455
710,002456
711,002457
712,002458
713,002459
714,002460
715,002461
716,002462
717,002463
718,002465
719,002466
720,002467
721,002468
722,002469
723,002470
724,002471
725,002472
726,002474
727,002475
728,002478
729,002479
730,002480
731,002481
732,002482
733,002483
734,002484
735,002485
736,002486
737,002487
738,002488
739,002489
740,002490
741,002491
742,002492
743,002493
744,002494
745,002495
746,002496
747,002497
748,002498
749,002500
750,002501
751,002507
752,002508
753,002510
754,002511
755,002512
756,002513
757,002514
758,002515
759,002516
760,002517
761,002518
762,002520
763,002521
764,002522
765,002523
766,002524
767,002526
768,002528
769,002529
770,002530
771,002531
772,002532
773,002533
774,002534
775,002535
776,002536
777,002537
778,002538
779,002539
780,002540
781,002541
782,002543
783,002544
784,002545
785,002546
786,002547
787,002548
788,002549
789,002550
790,002551
791,002552
792,002553
793,002554
794,002555
795,002556
796,002557
797,002558
798,002559
799,002560
800,002561
801,002562
802,002563
803,002564
804,002565
805,002566
806,002567
807,002568
808,002569
809,002570
810,002571
811,002572
812,002574
813,002575
814,002576
815,002577
816,002578
817,002580
818,002581
819,002582
820,002583
821,002584
822,002585
823,002586
824,002587
825,002588
826,002589
827,002590
828,002591
829,002592
830,002593
831,002594
832,002595
833,002596
834,002597
835,002598
836,002599
837,002600
838,002601
839,002603
840,002605
841,002606
842,002607
843,002608
844,002609
845,002611
846,002612
847,002613
848,002614
849,002615
850,002616
851,002617
852,002620
853,002622
854,002623
855,002624
856,002625
857,002626
858,002627
859,002628
860,002629
861,002630
862,002631
863,002632
864,002633
865,002634
866,002635
867,002636
868,002637
869,002638
870,002639
871,002640
872,002641
873,002642
874,002643
875,002644
876,002645
877,002646
878,002647
879,002648
880,002649
881,002650
882,002651
883,002652
884,002653
885,002654
886,002655
887,002656
888,002657
889,002658
890,002659
891,002660
892,002661
893,002662
894,002663
895,002664
896,002666
897,002667
898,002668
899,002669
900,002670
901,002671
902,002672
903,002673
904,002674
905,002675
906,002676
907,002677
908,002678
909,002679
910,002681
911,002682
912,002683
913,002685
914,002686
915,002687
916,002688
917,002689
918,002690
919,002691
920,002692
921,002693
922,002694
923,002695
924,002696
925,002697
926,002698
927,002700
928,002701
929,002702
930,002703
931,300001
932,300002
933,300003
934,300004
935,300005
936,300006
937,300007
938,300008
939,300009
940,300011
941,300013
942,300014
943,300015
944,300016
945,300017
946,300018
947,300019
948,300020
949,300021
950,300022
951,300024
952,300025
953,300026
954,300027
955,300029
956,300030
957,300031
958,300033
959,300034
960,300035
961,300036
962,300037
963,300039
964,300040
965,300041
966,300042
967,300043
968,300045
969,300046
970,300048
971,300050
972,300051
973,300052
974,300053
975,300054
976,300055
977,300057
978,300058
979,300059
980,300061
981,300063
982,300065
983,300066
984,300067
985,300068
986,300069
987,300070
988,300072
989,300073
990,300074
991,300075
992,300076
993,300077
994,300078
995,300079
996,300080
997,300081
998,300082
999,300083
1000,300084
